"municipio","departamento","cod.dane","cod.reg"
"EL ENCANTO","Amazonas",91263,"60010"
"LA CHORRERA","Amazonas",91405,"60013"
"LA PEDRERA","Amazonas",91407,"60016"
"LA VICTORIA","Amazonas",91430,"60017"
"LETICIA","Amazonas",91001,"60001"
"MIRITI PARANA","Amazonas",91460,"60019"
"PUERTO ALEGRIA","Amazonas",91530,"60030"
"PUERTO ARICA","Amazonas",91536,"60040"
"PUERTO NARIÃO","Amazonas",91540,"60007"
"PUERTO SANTANDER","Amazonas",91669,"60021"
"TARAPACA","Amazonas",91798,"60022"
"ABEJORRAL","Antioquia",5002,"01004"
"ABRIAQUI","Antioquia",5004,"01007"
"ALEJANDRIA","Antioquia",5021,"01010"
"AMAGA","Antioquia",5030,"01013"
"AMALFI","Antioquia",5031,"01016"
"ANDES","Antioquia",5034,"01019"
"ANGELOPOLIS","Antioquia",5036,"01022"
"ANGOSTURA","Antioquia",5038,"01025"
"ANORI","Antioquia",5040,"01028"
"ANTIOQUIA","Antioquia",5042,"01031"
"ANZA","Antioquia",5044,"01034"
"APARTADO","Antioquia",5045,"01035"
"ARBOLETES","Antioquia",5051,"01037"
"ARGELIA","Antioquia",5055,"01039"
"ARMENIA","Antioquia",5059,"01040"
"BARBOSA","Antioquia",5079,"01043"
"BELLO","Antioquia",5088,"01049"
"BELMIRA","Antioquia",5086,"01046"
"BETANIA","Antioquia",5091,"01052"
"BETULIA","Antioquia",5093,"01055"
"BOLIVAR","Antioquia",5101,"01058"
"BRICEÃO","Antioquia",5107,"01062"
"BURITICA","Antioquia",5113,"01061"
"CACERES","Antioquia",5120,"01064"
"CAICEDO","Antioquia",5125,"01067"
"CALDAS","Antioquia",5129,"01070"
"CAMPAMENTO","Antioquia",5134,"01073"
"CAÃASGORDAS","Antioquia",5138,"01076"
"CARACOLI","Antioquia",5142,"01078"
"CARAMANTA","Antioquia",5145,"01079"
"CAREPA","Antioquia",5147,"01080"
"CARMEN DE VIBORAL","Antioquia",5148,"01082"
"CAROLINA","Antioquia",5150,"01085"
"CAUCASIA","Antioquia",5154,"01088"
"CHIGORODO","Antioquia",5172,"01106"
"CISNEROS","Antioquia",5190,"01091"
"COCORNA","Antioquia",5197,"01094"
"CONCEPCION","Antioquia",5206,"01097"
"CONCORDIA","Antioquia",5209,"01100"
"COPACABANA","Antioquia",5212,"01103"
"DABEIBA","Antioquia",5234,"01109"
"DON MATIAS","Antioquia",5237,"01112"
"EBEJICO","Antioquia",5240,"01115"
"EL BAGRE","Antioquia",5250,"01117"
"ENTRERRIOS","Antioquia",5264,"01118"
"ENVIGADO","Antioquia",5266,"01121"
"FREDONIA","Antioquia",5282,"01124"
"FRONTINO","Antioquia",5284,"01127"
"GIRALDO","Antioquia",5306,"01130"
"GIRARDOTA","Antioquia",5308,"01133"
"GOMEZ PLATA","Antioquia",5310,"01136"
"GRANADA","Antioquia",5313,"01139"
"GUADALUPE","Antioquia",5315,"01140"
"GUARNE","Antioquia",5318,"01142"
"GUATAPE","Antioquia",5321,"01145"
"HELICONIA","Antioquia",5347,"01148"
"HISPANIA","Antioquia",5353,"01150"
"ITAGUI","Antioquia",5360,"01151"
"ITUANGO","Antioquia",5361,"01154"
"JARDIN","Antioquia",5364,"01157"
"JERICO","Antioquia",5368,"01160"
"LA CEJA","Antioquia",5376,"01163"
"LA ESTRELLA","Antioquia",5380,"01166"
"LA PINTADA","Antioquia",5390,"01170"
"LA UNION","Antioquia",5400,"01169"
"LIBORINA","Antioquia",5411,"01172"
"MACEO","Antioquia",5425,"01175"
"MARINILLA","Antioquia",5440,"01178"
"MEDELLIN","Antioquia",5001,"01001"
"MONTEBELLO","Antioquia",5467,"01181"
"MURINDO","Antioquia",5475,"01184"
"MUTATA","Antioquia",5480,"01187"
"NARIÃO","Antioquia",5483,"01190"
"NECHI","Antioquia",5495,"01191"
"NECOCLI","Antioquia",5490,"01192"
"OLAYA","Antioquia",5501,"01193"
"PEÃOL","Antioquia",5541,"01196"
"PEQUE","Antioquia",5543,"01199"
"PUEBLORRICO","Antioquia",5576,"01202"
"PUERTO BERRIO","Antioquia",5579,"01205"
"PUERTO NARE-LA MAGDALENA","Antioquia",5585,"01168"
"PUERTO TRIUNFO","Antioquia",5591,"01206"
"REMEDIOS","Antioquia",5604,"01208"
"RETIRO","Antioquia",5607,"01211"
"RIONEGRO","Antioquia",5615,"01214"
"SABANALARGA","Antioquia",5628,"01217"
"SABANETA","Antioquia",5631,"01218"
"SALGAR","Antioquia",5642,"01220"
"SAN ANDRES","Antioquia",5647,"01223"
"SAN CARLOS","Antioquia",5649,"01226"
"SAN FRANCISCO","Antioquia",5652,"01227"
"SAN JERONIMO","Antioquia",5656,"01229"
"SAN JOSE DE LA MONTAÃA","Antioquia",5658,"01230"
"SAN JUAN DE URABA","Antioquia",5659,"01231"
"SAN LUIS","Antioquia",5660,"01232"
"SAN PEDRO","Antioquia",5664,"01235"
"SAN PEDRO DE URABA","Antioquia",5665,"01237"
"SAN RAFAEL","Antioquia",5667,"01238"
"SAN ROQUE","Antioquia",5670,"01241"
"SAN VICENTE","Antioquia",5674,"01244"
"SANTA BARBARA","Antioquia",5679,"01247"
"SANTA ROSA DE OSOS","Antioquia",5686,"01250"
"SANTO DOMINGO","Antioquia",5690,"01253"
"SANTUARIO","Antioquia",5697,"01256"
"SEGOVIA","Antioquia",5736,"01259"
"SONSON","Antioquia",5756,"01262"
"SOPETRAN","Antioquia",5761,"01265"
"TAMESIS","Antioquia",5789,"01268"
"TARAZA","Antioquia",5790,"01270"
"TARSO","Antioquia",5792,"01271"
"TITIRIBI","Antioquia",5809,"01274"
"TOLEDO","Antioquia",5819,"01277"
"TURBO","Antioquia",5837,"01280"
"URAMITA","Antioquia",5842,"01282"
"URRAO","Antioquia",5847,"01283"
"VALDIVIA","Antioquia",5854,"01286"
"VALPARAISO","Antioquia",5856,"01289"
"VEGACHI","Antioquia",5858,"01290"
"VENECIA","Antioquia",5861,"01292"
"VIGIA DEL FUERTE","Antioquia",5873,"01291"
"YALI","Antioquia",5885,"01293"
"YARUMAL","Antioquia",5887,"01295"
"YOLOMBO","Antioquia",5890,"01298"
"YONDO-CASABE","Antioquia",5893,"01300"
"ZARAGOZA","Antioquia",5895,"01301"
"ARAUCA","Arauca",81001,"40001"
"ARAUQUITA","Arauca",81065,"40010"
"CRAVO NORTE","Arauca",81220,"40015"
"FORTUL","Arauca",81300,"40017"
"PUERTO RONDON","Arauca",81591,"40020"
"SARAVENA","Arauca",81736,"40025"
"TAME","Arauca",81794,"40005"
"BARANOA","Atlántico",8078,"03004"
"BARRANQUILLA","Atlántico",8001,"03001"
"CAMPO DE LA CRUZ","Atlántico",8137,"03007"
"CANDELARIA","Atlántico",8141,"03010"
"GALAPA","Atlántico",8296,"03013"
"JUAN DE ACOSTA","Atlántico",8372,"03016"
"LURUACO","Atlántico",8421,"03019"
"MALAMBO","Atlántico",8433,"03022"
"MANATI","Atlántico",8436,"03025"
"PALMAR DE VARELA","Atlántico",8520,"03028"
"PIOJO","Atlántico",8549,"03031"
"POLONUEVO","Atlántico",8558,"03034"
"PONEDERA","Atlántico",8560,"03035"
"PUERTO COLOMBIA","Atlántico",8573,"03037"
"REPELON","Atlántico",8606,"03040"
"SABANAGRANDE","Atlántico",8634,"03043"
"SABANALARGA","Atlántico",8638,"03046"
"SANTA LUCIA","Atlántico",8675,"03047"
"SANTO TOMAS","Atlántico",8685,"03049"
"SOLEDAD","Atlántico",8758,"03052"
"SUAN","Atlántico",8770,"03055"
"TUBARA","Atlántico",8832,"03058"
"USIACURI","Atlántico",8849,"03061"
"BOGOTA. D.C.","Bogotá",11001,"16001"
"ACHI","Bolívar",13006,"05004"
"ALTOS DEL ROSARIO","Bolívar",13030,"05006"
"ARENAL","Bolívar",13042,"05005"
"ARJONA","Bolívar",13052,"05007"
"ARROYO HONDO","Bolívar",13062,"05009"
"BARRANCO DE LOBA","Bolívar",13074,"05010"
"CALAMAR","Bolívar",13140,"05013"
"CANTAGALLO","Bolívar",13160,"05014"
"CARTAGENA","Bolívar",13001,"05001"
"CICUCO","Bolívar",13188,"05015"
"CLEMENCIA","Bolívar",13222,"05018"
"CORDOBA","Bolívar",13212,"05016"
"EL CARMEN DE BOLIVAR","Bolívar",13244,"05022"
"EL GUAMO","Bolívar",13248,"05025"
"EL PEÃON","Bolívar",13268,"05027"
"HATILLO DE LOBA","Bolívar",13300,"05026"
"MAGANGUE","Bolívar",13430,"05028"
"MAHATES","Bolívar",13433,"05031"
"MARGARITA","Bolívar",13440,"05037"
"MARIA LA BAJA","Bolívar",13442,"05040"
"MOMPOS","Bolívar",13468,"05043"
"MONTECRISTO","Bolívar",13458,"05041"
"MORALES","Bolívar",13473,"05044"
"NOROSI","Bolívar",13490,"05050"
"PINILLOS","Bolívar",13549,"05059"
"REGIDOR","Bolívar",13580,"05063"
"RIOVIEJO","Bolívar",13600,"05065"
"SAN CRISTOBAL","Bolívar",13620,"05072"
"SAN ESTANISLAO","Bolívar",13647,"05070"
"SAN FERNANDO","Bolívar",13650,"05073"
"SAN JACINTO","Bolívar",13654,"05076"
"SAN JACINTO DEL CAUCA","Bolívar",13655,"05078"
"SAN JUAN NEPOMUCENO","Bolívar",13657,"05079"
"SAN MARTIN DE LOBA","Bolívar",13667,"05082"
"SAN PABLO","Bolívar",13670,"05084"
"SANTA CATALINA","Bolívar",13673,"05091"
"SANTA ROSA","Bolívar",13683,"05094"
"SANTA ROSA DEL SUR","Bolívar",13688,"05095"
"SIMITI","Bolívar",13744,"05097"
"SOPLAVIENTO","Bolívar",13760,"05106"
"TALAIGUA NUEVO","Bolívar",13780,"05110"
"TIQUISIO (PTO. RICO)","Bolívar",13810,"05113"
"TURBACO","Bolívar",13836,"05118"
"TURBANA","Bolívar",13838,"05121"
"VILLANUEVA","Bolívar",13873,"05124"
"ZAMBRANO","Bolívar",13894,"05127"
"ALMEIDA","Boyacá",15022,"07007"
"AQUITANIA (PUEBLOVIEJO)","Boyacá",15047,"07008"
"ARCABUCO","Boyacá",15051,"07010"
"BELEN","Boyacá",15087,"07013"
"BERBEO","Boyacá",15090,"07016"
"BETEITIVA","Boyacá",15092,"07019"
"BOAVITA","Boyacá",15097,"07022"
"BOYACA","Boyacá",15104,"07025"
"BRICEÃO","Boyacá",15106,"07028"
"BUENAVISTA","Boyacá",15109,"07031"
"BUSBANZA","Boyacá",15114,"07034"
"CALDAS","Boyacá",15131,"07037"
"CAMPOHERMOSO","Boyacá",15135,"07040"
"CERINZA","Boyacá",15162,"07043"
"CHINAVITA","Boyacá",15172,"07064"
"CHIQUINQUIRA","Boyacá",15176,"07067"
"CHIQUIZA","Boyacá",15232,"07068"
"CHISCAS","Boyacá",15180,"07070"
"CHITA","Boyacá",15183,"07073"
"CHITARAQUE","Boyacá",15185,"07076"
"CHIVATA","Boyacá",15187,"07077"
"CHIVOR","Boyacá",15236,"07078"
"CIENEGA","Boyacá",15189,"07046"
"COMBITA","Boyacá",15204,"07049"
"COPER","Boyacá",15212,"07052"
"CORRALES","Boyacá",15215,"07055"
"COVARACHIA","Boyacá",15218,"07058"
"CUBARA","Boyacá",15223,"07059"
"CUCAITA","Boyacá",15224,"07060"
"CUITIVA","Boyacá",15226,"07061"
"DUITAMA","Boyacá",15238,"07079"
"EL COCUY","Boyacá",15244,"07082"
"EL ESPINO","Boyacá",15248,"07085"
"FIRAVITOBA","Boyacá",15272,"07088"
"FLORESTA","Boyacá",15276,"07091"
"GACHANTIVA","Boyacá",15293,"07094"
"GAMEZA","Boyacá",15296,"07097"
"GARAGOA","Boyacá",15299,"07100"
"GUACAMAYAS","Boyacá",15317,"07103"
"GUATEQUE","Boyacá",15322,"07106"
"GUAYATA","Boyacá",15325,"07109"
"GUICAN","Boyacá",15332,"07112"
"IZA","Boyacá",15362,"07118"
"JENESANO","Boyacá",15367,"07121"
"JERICO","Boyacá",15368,"07124"
"LA CAPILLA","Boyacá",15380,"07130"
"LA UVITA","Boyacá",15403,"07136"
"LA VICTORIA","Boyacá",15401,"07137"
"LABRANZAGRANDE","Boyacá",15377,"07127"
"MACANAL","Boyacá",15425,"07142"
"MARIPI","Boyacá",15442,"07148"
"MIRAFLORES","Boyacá",15455,"07151"
"MONGUA","Boyacá",15464,"07154"
"MONGUI","Boyacá",15466,"07157"
"MONIQUIRA","Boyacá",15469,"07160"
"MOTAVITA","Boyacá",15476,"07161"
"MUZO","Boyacá",15480,"07163"
"NOBSA","Boyacá",15491,"07166"
"NUEVO COLON","Boyacá",15494,"07169"
"OICATA","Boyacá",15500,"07173"
"OTANCHE","Boyacá",15507,"07176"
"PACHAVITA","Boyacá",15511,"07178"
"PAEZ","Boyacá",15514,"07179"
"PAIPA","Boyacá",15516,"07181"
"PAJARITO","Boyacá",15518,"07184"
"PANQUEBA","Boyacá",15522,"07187"
"PAUNA","Boyacá",15531,"07190"
"PAYA","Boyacá",15533,"07193"
"PAZ DE RIO","Boyacá",15537,"07199"
"PESCA","Boyacá",15542,"07202"
"PISBA","Boyacá",15550,"07205"
"PUERTO BOYACA","Boyacá",15572,"07214"
"QUIPAMA","Boyacá",15580,"07215"
"RAMIRIQUI","Boyacá",15599,"07217"
"RAQUIRA","Boyacá",15600,"07220"
"RONDON","Boyacá",15621,"07223"
"SABOYA","Boyacá",15632,"07226"
"SACHICA","Boyacá",15638,"07232"
"SAMACA","Boyacá",15646,"07235"
"SAN EDUARDO","Boyacá",15660,"07237"
"SAN JOSE DE PARE","Boyacá",15664,"07238"
"SAN LUIS DE GACENO","Boyacá",15667,"07241"
"SAN MATEO","Boyacá",15673,"07247"
"SAN MIGUEL DE SEMA","Boyacá",15676,"07248"
"SAN PABLO DE BORBUR","Boyacá",15681,"07249"
"SANTA MARIA","Boyacá",15690,"07251"
"SANTA ROSA DE VITERBO","Boyacá",15693,"07253"
"SANTA SOFIA","Boyacá",15696,"07256"
"SANTANA","Boyacá",15686,"07250"
"SATIVANORTE","Boyacá",15720,"07259"
"SATIVASUR","Boyacá",15723,"07262"
"SIACHOQUE","Boyacá",15740,"07265"
"SOATA","Boyacá",15753,"07268"
"SOCHA","Boyacá",15757,"07274"
"SOCOTA","Boyacá",15755,"07271"
"SOGAMOSO","Boyacá",15759,"07277"
"SOMONDOCO","Boyacá",15761,"07280"
"SORA","Boyacá",15762,"07281"
"SORACA","Boyacá",15764,"07282"
"SOTAQUIRA","Boyacá",15763,"07283"
"SUSACON","Boyacá",15774,"07286"
"SUTAMARCHAN","Boyacá",15776,"07289"
"SUTATENZA","Boyacá",15778,"07292"
"TASCO","Boyacá",15790,"07298"
"TENZA","Boyacá",15798,"07301"
"TIBANA","Boyacá",15804,"07304"
"TIBASOSA","Boyacá",15806,"07307"
"TINJACA","Boyacá",15808,"07310"
"TIPACOQUE","Boyacá",15810,"07311"
"TOCA","Boyacá",15814,"07313"
"TOGUI","Boyacá",15816,"07316"
"TOPAGA","Boyacá",15820,"07319"
"TOTA","Boyacá",15822,"07322"
"TUNJA","Boyacá",15001,"07001"
"TUNUNGUA","Boyacá",15832,"07324"
"TURMEQUE","Boyacá",15835,"07325"
"TUTA","Boyacá",15837,"07328"
"TUTAZA","Boyacá",15839,"07331"
"UMBITA","Boyacá",15842,"07334"
"VENTAQUEMADA","Boyacá",15861,"07337"
"VILLA DE LEIVA","Boyacá",15407,"07139"
"VIRACACHA","Boyacá",15879,"07340"
"ZETAQUIRA","Boyacá",15897,"07346"
"AGUADAS","Caldas",17013,"09004"
"ANSERMA","Caldas",17042,"09007"
"ARANZAZU","Caldas",17050,"09013"
"BELALCAZAR","Caldas",17088,"09022"
"CHINCHINA","Caldas",17174,"09034"
"FILADELFIA","Caldas",17272,"09037"
"LA DORADA","Caldas",17380,"09049"
"LA MERCED","Caldas",17388,"09052"
"MANIZALES","Caldas",17001,"09001"
"MANZANARES","Caldas",17433,"09055"
"MARMATO","Caldas",17442,"09058"
"MARQUETALIA","Caldas",17444,"09061"
"MARULANDA","Caldas",17446,"09067"
"NEIRA","Caldas",17486,"09076"
"NORCASIA","Caldas",17495,"09078"
"PACORA","Caldas",17513,"09079"
"PALESTINA","Caldas",17524,"09082"
"PENSILVANIA","Caldas",17541,"09085"
"RIOSUCIO","Caldas",17614,"09103"
"RISARALDA","Caldas",17616,"09106"
"SALAMINA","Caldas",17653,"09109"
"SAMANA","Caldas",17662,"09115"
"SAN JOSE","Caldas",17665,"09120"
"SUPIA","Caldas",17777,"09124"
"VICTORIA","Caldas",17867,"09127"
"VILLAMARIA","Caldas",17873,"09130"
"VITERBO","Caldas",17877,"09133"
"ALBANIA","Caquetá",18029,"44002"
"BELEN DE LOS ANDAQUIES","Caquetá",18094,"44004"
"CARTAGENA DEL CHAIRA","Caquetá",18150,"44003"
"CURILLO","Caquetá",18205,"44012"
"EL DONCELLO","Caquetá",18247,"44005"
"EL PAUJIL","Caquetá",18256,"44006"
"FLORENCIA","Caquetá",18001,"44001"
"LA MONTAÃITA","Caquetá",18410,"44007"
"MILAN","Caquetá",18460,"44016"
"MORELIA","Caquetá",18479,"44017"
"PUERTO RICO","Caquetá",18592,"44009"
"SAN JOSE DEL FRAGUA","Caquetá",18610,"44020"
"SAN VICENTE DEL CAGUAN","Caquetá",18753,"44010"
"SOLANO","Caquetá",18756,"44022"
"SOLITA","Caquetá",18785,"44024"
"VALPARAISO","Caquetá",18860,"44040"
"AGUAZUL","Casanare",85010,"46040"
"CHAMEZA","Casanare",85015,"46120"
"HATO COROZAL","Casanare",85125,"46320"
"LA SALINA","Casanare",85136,"46480"
"MANI","Casanare",85139,"46520"
"MONTERREY","Casanare",85162,"46540"
"NUNCHIA","Casanare",85225,"46560"
"OROCUE","Casanare",85230,"46640"
"PAZ DE ARIPORO (MORENO)","Casanare",85250,"46680"
"PORE","Casanare",85263,"46700"
"RECETOR","Casanare",85279,"46760"
"SABANALARGA","Casanare",85300,"46800"
"SACAMA","Casanare",85315,"46815"
"SAN LUIS DE PALENQUE","Casanare",85325,"46830"
"TAMARA","Casanare",85400,"46840"
"TAURAMENA","Casanare",85410,"46850"
"TRINIDAD","Casanare",85430,"46865"
"VILLANUEVA","Casanare",85440,"46880"
"YOPAL","Casanare",85001,"46001"
"ALMAGUER","Cauca",19022,"11004"
"ARGELIA","Cauca",19050,"11005"
"BALBOA","Cauca",19075,"11006"
"BOLIVAR","Cauca",19100,"11007"
"BUENOS AIRES","Cauca",19110,"11010"
"CAJIBIO","Cauca",19130,"11013"
"CALDONO","Cauca",19137,"11016"
"CALOTO","Cauca",19142,"11019"
"CORINTO","Cauca",19212,"11022"
"EL TAMBO","Cauca",19256,"11025"
"FLORENCIA","Cauca",19290,"11027"
"GUACHENE","Cauca",19300,"11029"
"GUAPI","Cauca",19318,"11028"
"INZA","Cauca",19355,"11031"
"JAMBALO","Cauca",19364,"11034"
"LA SIERRA","Cauca",19392,"11037"
"LA VEGA","Cauca",19397,"11040"
"LOPEZ (MICAY)","Cauca",19418,"11043"
"MERCADERES","Cauca",19450,"11046"
"MIRANDA","Cauca",19455,"11049"
"MORALES","Cauca",19473,"11052"
"PADILLA","Cauca",19513,"11053"
"PAEZ (BELALCAZAR)","Cauca",19517,"11055"
"PATIA (EL BORDO)","Cauca",19532,"11058"
"PIAMONTE","Cauca",19533,"11060"
"PIENDAMO","Cauca",19548,"11061"
"POPAYAN","Cauca",19001,"11001"
"PUERTO TEJADA","Cauca",19573,"11064"
"PURACE (COCONUCO)","Cauca",19585,"11067"
"ROSAS","Cauca",19622,"11070"
"SAN SEBASTIAN","Cauca",19693,"11073"
"SANTA ROSA","Cauca",19701,"11079"
"SANTANDER DE QUILICHAO","Cauca",19698,"11076"
"SILVIA","Cauca",19743,"11082"
"SOTARA (PAISPAMBA)","Cauca",19760,"11085"
"SUAREZ","Cauca",19780,"11087"
"SUCRE","Cauca",19785,"11086"
"TIMBIO","Cauca",19807,"11088"
"TIMBIQUI","Cauca",19809,"11091"
"TORIBIO","Cauca",19821,"11094"
"TOTORO","Cauca",19824,"11097"
"VILLA RICA","Cauca",19845,"11098"
"AGUACHICA","Cesar",20011,"12075"
"AGUSTIN CODAZZI","Cesar",20013,"12150"
"ASTREA","Cesar",20032,"12170"
"BECERRIL","Cesar",20045,"12180"
"BOSCONIA","Cesar",20060,"12200"
"CHIMICHAGUA","Cesar",20175,"12300"
"CHIRIGUANA","Cesar",20178,"12375"
"CURUMANI","Cesar",20228,"12225"
"EL COPEY","Cesar",20238,"12410"
"EL PASO","Cesar",20250,"12415"
"GAMARRA","Cesar",20295,"12450"
"GONZALEZ","Cesar",20310,"12525"
"LA GLORIA","Cesar",20383,"12600"
"LA JAGUA DE IBIRICO","Cesar",20400,"12608"
"LA PAZ","Cesar",20621,"12825"
"MANAURE BALCON DEL CESAR (MANA","Cesar",20443,"12625"
"PAILITAS","Cesar",20517,"12650"
"PELAYA","Cesar",20550,"12700"
"PUEBLO BELLO","Cesar",20570,"12720"
"RIO DE ORO","Cesar",20614,"12750"
"SAN ALBERTO","Cesar",20710,"12800"
"SAN DIEGO","Cesar",20750,"12850"
"SAN MARTIN","Cesar",20770,"12875"
"TAMALAMEQUE","Cesar",20787,"12900"
"VALLEDUPAR","Cesar",20001,"12001"
"ACANDI","Chocó",27006,"17004"
"ALTO BAUDO (PIE DE PATO)","Chocó",27025,"17006"
"ATRATO (YUTO)","Chocó",27050,"17002"
"BAGADO","Chocó",27073,"17007"
"BAHIA SOLANO (MUTIS)","Chocó",27075,"17008"
"BAJO BAUDO (PIZARRO)","Chocó",27077,"17010"
"BOJAYA (BELLAVISTA)","Chocó",27099,"17011"
"CARMEN DEL DARIEN","Chocó",27150,"17015"
"CERTEGUI","Chocó",27160,"17014"
"CONDOTO","Chocó",27205,"17013"
"EL CANTON DEL SAN PABLO (MAN.","Chocó",27135,"17017"
"EL CARMEN","Chocó",27245,"17016"
"EL LITORAL DEL SAN JUAN","Chocó",27250,"17038"
"ISTMINA","Chocó",27361,"17019"
"JURADO","Chocó",27372,"17022"
"LLORO","Chocó",27413,"17025"
"MEDIO ATRATO (BETE)","Chocó",27425,"17012"
"MEDIO BAUDO (PUERTO MELUK)","Chocó",27430,"17026"
"MEDIO SAN JUAN","Chocó",27450,"17027"
"NOVITA","Chocó",27491,"17028"
"NUQUI","Chocó",27495,"17031"
"QUIBDO","Chocó",27001,"17001"
"RIO IRO","Chocó",27580,"17032"
"RIO QUITO (PAIMADO)","Chocó",27600,"17035"
"RIOSUCIO","Chocó",27615,"17034"
"SAN JOSE DEL PALMAR","Chocó",27660,"17037"
"SIPI","Chocó",27745,"17040"
"TADO","Chocó",27787,"17043"
"UNGUIA","Chocó",27800,"17048"
"UNION PANAMERICANA (LAS ANIMAS","Chocó",27810,"17060"
"AYAPEL","Córdoba",23068,"13004"
"BUENAVISTA","Córdoba",23079,"13007"
"CANALETE","Córdoba",23090,"13009"
"CERETE","Córdoba",23162,"13010"
"CHIMA","Córdoba",23168,"13016"
"CHINU","Córdoba",23182,"13019"
"CIENAGA DE ORO","Córdoba",23189,"13013"
"COTORRA (BONGO)","Córdoba",23300,"13014"
"LA APARTADA (FRONTERA)","Córdoba",23350,"13020"
"LORICA","Córdoba",23417,"13022"
"LOS CORDOBAS","Córdoba",23419,"13023"
"MOMIL","Córdoba",23464,"13024"
"MONTELIBANO","Córdoba",23466,"13025"
"MONTERIA","Córdoba",23001,"13001"
"MOÃITOS","Córdoba",23500,"13027"
"PLANETA RICA","Córdoba",23555,"13028"
"PUEBLO NUEVO","Córdoba",23570,"13031"
"PUERTO ESCONDIDO","Córdoba",23574,"13033"
"PUERTO LIBERTADOR","Córdoba",23580,"13032"
"PURISIMA","Córdoba",23586,"13034"
"SAHAGUN","Córdoba",23660,"13037"
"SAN ANDRES DE SOTAVENTO","Córdoba",23670,"13040"
"SAN ANTERO","Córdoba",23672,"13043"
"SAN BERNARDO DEL VIENTO","Córdoba",23675,"13046"
"SAN CARLOS","Córdoba",23678,"13049"
"SAN JOSE DE URE","Córdoba",23682,"13052"
"SAN PELAYO","Córdoba",23686,"13055"
"TIERRALTA","Córdoba",23807,"13058"
"TUCHIN","Córdoba",23815,"13060"
"VALENCIA","Córdoba",23855,"13061"
"AGUA DE DIOS","Cundinamarca",25001,"15004"
"ALBAN","Cundinamarca",25019,"15007"
"ANAPOIMA","Cundinamarca",25035,"15010"
"ANOLAIMA","Cundinamarca",25040,"15013"
"APULO","Cundinamarca",25599,"15217"
"ARBELAEZ","Cundinamarca",25053,"15016"
"BELTRAN","Cundinamarca",25086,"15019"
"BITUIMA","Cundinamarca",25095,"15022"
"BOJACA","Cundinamarca",25099,"15025"
"CABRERA","Cundinamarca",25120,"15029"
"CACHIPAY","Cundinamarca",25123,"15030"
"CAJICA","Cundinamarca",25126,"15031"
"CAPARRAPI","Cundinamarca",25148,"15034"
"CAQUEZA","Cundinamarca",25151,"15037"
"CARMEN DE CARUPA","Cundinamarca",25154,"15040"
"CHAGUANI","Cundinamarca",25168,"15052"
"CHIA","Cundinamarca",25175,"15055"
"CHIPAQUE","Cundinamarca",25178,"15058"
"CHOACHI","Cundinamarca",25181,"15061"
"CHOCONTA","Cundinamarca",25183,"15064"
"COGUA","Cundinamarca",25200,"15043"
"COTA","Cundinamarca",25214,"15046"
"CUCUNUBA","Cundinamarca",25224,"15049"
"EL COLEGIO","Cundinamarca",25245,"15067"
"EL PEÃON","Cundinamarca",25258,"15070"
"EL ROSAL","Cundinamarca",25260,"15072"
"FACATATIVA","Cundinamarca",25269,"15076"
"FOMEQUE","Cundinamarca",25279,"15079"
"FOSCA","Cundinamarca",25281,"15085"
"FUNZA","Cundinamarca",25286,"15088"
"FUQUENE","Cundinamarca",25288,"15091"
"FUSAGASUGA","Cundinamarca",25290,"15094"
"GACHALA","Cundinamarca",25293,"15097"
"GACHANCIPA","Cundinamarca",25295,"15100"
"GACHETA","Cundinamarca",25297,"15103"
"GAMA","Cundinamarca",25299,"15106"
"GIRARDOT","Cundinamarca",25307,"15109"
"GRANADA","Cundinamarca",25312,"15132"
"GUACHETA","Cundinamarca",25317,"15112"
"GUADUAS","Cundinamarca",25320,"15115"
"GUASCA","Cundinamarca",25322,"15118"
"GUATAQUI","Cundinamarca",25324,"15121"
"GUATAVITA","Cundinamarca",25326,"15124"
"GUAYABAL DE SIQUIMA","Cundinamarca",25328,"15127"
"GUAYABETAL","Cundinamarca",25335,"15128"
"GUTIERREZ","Cundinamarca",25339,"15130"
"JERUSALEN","Cundinamarca",25368,"15133"
"JUNIN","Cundinamarca",25372,"15136"
"LA CALERA","Cundinamarca",25377,"15139"
"LA MESA","Cundinamarca",25386,"15142"
"LA PALMA","Cundinamarca",25394,"15145"
"LA PEÃA","Cundinamarca",25398,"15148"
"LA VEGA","Cundinamarca",25402,"15151"
"LENGUAZAQUE","Cundinamarca",25407,"15154"
"MACHETA","Cundinamarca",25426,"15157"
"MADRID","Cundinamarca",25430,"15160"
"MANTA","Cundinamarca",25436,"15163"
"MEDINA","Cundinamarca",25438,"15166"
"MOSQUERA","Cundinamarca",25473,"15169"
"NARIÃO","Cundinamarca",25483,"15172"
"NEMOCON","Cundinamarca",25486,"15175"
"NILO","Cundinamarca",25488,"15178"
"NIMAIMA","Cundinamarca",25489,"15181"
"NOCAIMA","Cundinamarca",25491,"15184"
"PACHO","Cundinamarca",25513,"15190"
"PAIME","Cundinamarca",25518,"15193"
"PANDI","Cundinamarca",25524,"15196"
"PARATEBUENO (LA NAGUAYA)","Cundinamarca",25530,"15198"
"PASCA","Cundinamarca",25535,"15199"
"PUERTO SALGAR","Cundinamarca",25572,"15202"
"PULI","Cundinamarca",25580,"15205"
"QUEBRADANEGRA","Cundinamarca",25592,"15208"
"QUETAME","Cundinamarca",25594,"15211"
"QUIPILE","Cundinamarca",25596,"15214"
"RICAURTE","Cundinamarca",25612,"15218"
"SAN ANTONIO DEL TEQUENDAMA","Cundinamarca",25645,"15220"
"SAN BERNARDO","Cundinamarca",25649,"15223"
"SAN CAYETANO","Cundinamarca",25653,"15226"
"SAN FRANCISCO","Cundinamarca",25658,"15229"
"SAN JUAN DE RIOSECO","Cundinamarca",25662,"15232"
"SASAIMA","Cundinamarca",25718,"15235"
"SESQUILE","Cundinamarca",25736,"15238"
"SIBATE","Cundinamarca",25740,"15239"
"SILVANIA","Cundinamarca",25743,"15241"
"SIMIJACA","Cundinamarca",25745,"15244"
"SOACHA","Cundinamarca",25754,"15247"
"SOPO","Cundinamarca",25758,"15250"
"SUBACHOQUE","Cundinamarca",25769,"15256"
"SUESCA","Cundinamarca",25772,"15259"
"SUPATA","Cundinamarca",25777,"15262"
"SUSA","Cundinamarca",25779,"15265"
"SUTATAUSA","Cundinamarca",25781,"15268"
"TABIO","Cundinamarca",25785,"15271"
"TAUSA","Cundinamarca",25793,"15274"
"TENA","Cundinamarca",25797,"15277"
"TENJO","Cundinamarca",25799,"15280"
"TIBACUY","Cundinamarca",25805,"15283"
"TIBIRITA","Cundinamarca",25807,"15286"
"TOCAIMA","Cundinamarca",25815,"15289"
"TOCANCIPA","Cundinamarca",25817,"15292"
"TOPAIPI","Cundinamarca",25823,"15295"
"UBALA","Cundinamarca",25839,"15298"
"UBAQUE","Cundinamarca",25841,"15301"
"UBATE","Cundinamarca",25843,"15304"
"UNE","Cundinamarca",25845,"15307"
"UTICA","Cundinamarca",25851,"15316"
"VENECIA","Cundinamarca",25506,"15318"
"VERGARA","Cundinamarca",25862,"15319"
"VIANI","Cundinamarca",25867,"15322"
"VILLAGOMEZ","Cundinamarca",25871,"15323"
"VILLAPINZON","Cundinamarca",25873,"15325"
"VILLETA","Cundinamarca",25875,"15328"
"VIOTA","Cundinamarca",25878,"15331"
"YACOPI","Cundinamarca",25885,"15334"
"ZIPACON","Cundinamarca",25898,"15337"
"ZIPAQUIRA","Cundinamarca",25899,"15340"
"BARRANCO MINAS","Guainía",94343,"50070"
"CACAHUAL","Guainía",94886,"50073"
"INIRIDA","Guainía",94001,"50001"
"LA GUADALUPE","Guainía",94885,"50078"
"MAPIRIPANA","Guainía",94663,"50050"
"MORICHAL (MORICHAL NUEVO)","Guainía",94888,"50083"
"PANA PANA (CAMPO ALEGRE)","Guainía",94887,"50087"
"PUERTO COLOMBIA","Guainía",94884,"50090"
"SAN FELIPE","Guainía",94883,"50092"
"CALAMAR","Guaviare",95015,"54003"
"EL RETORNO","Guaviare",95025,"54007"
"MIRAFLORES","Guaviare",95200,"54012"
"SAN JOSE DEL GUAVIARE","Guaviare",95001,"54001"
"ACEVEDO","Huila",41006,"19004"
"AGRADO","Huila",41013,"19007"
"AIPE","Huila",41016,"19010"
"ALGECIRAS","Huila",41020,"19013"
"ALTAMIRA","Huila",41026,"19016"
"BARAYA","Huila",41078,"19019"
"CAMPOALEGRE","Huila",41132,"19022"
"COLOMBIA","Huila",41206,"19028"
"ELIAS","Huila",41244,"19031"
"GARZON","Huila",41298,"19034"
"GIGANTE","Huila",41306,"19037"
"GUADALUPE","Huila",41319,"19040"
"HOBO","Huila",41349,"19043"
"IQUIRA","Huila",41357,"19046"
"ISNOS","Huila",41359,"19044"
"LA ARGENTINA (PLATA VIEJA)","Huila",41378,"19047"
"LA PLATA","Huila",41396,"19049"
"NATAGA","Huila",41483,"19050"
"NEIVA","Huila",41001,"19001"
"OPORAPA","Huila",41503,"19051"
"PAICOL","Huila",41518,"19052"
"PALERMO","Huila",41524,"19055"
"PALESTINA","Huila",41530,"19056"
"PITAL","Huila",41548,"19058"
"PITALITO","Huila",41551,"19061"
"RIVERA","Huila",41615,"19064"
"SALADOBLANCO","Huila",41660,"19067"
"SAN AGUSTIN","Huila",41668,"19070"
"SANTA MARIA","Huila",41676,"19074"
"SUAZA","Huila",41770,"19076"
"TARQUI","Huila",41791,"19079"
"TELLO","Huila",41799,"19082"
"TERUEL","Huila",41801,"19085"
"TESALIA (CARNICERIAS)","Huila",41797,"19025"
"TIMANA","Huila",41807,"19088"
"VILLAVIEJA","Huila",41872,"19091"
"YAGUARA","Huila",41885,"19094"
"ALBANIA","Guajira",44035,"48002"
"BARRANCAS","Guajira",44078,"48004"
"DIBULLA","Guajira",44090,"48005"
"DISTRACCION","Guajira",44098,"48008"
"EL MOLINO","Guajira",44110,"48006"
"FONSECA","Guajira",44279,"48007"
"HATONUEVO","Guajira",44378,"48009"
"LA JAGUA DEL PILAR","Guajira",44420,"48012"
"MAICAO","Guajira",44430,"48010"
"MANAURE","Guajira",44560,"48011"
"RIOHACHA","Guajira",44001,"48001"
"SAN JUAN DEL CESAR","Guajira",44650,"48013"
"URIBIA","Guajira",44847,"48016"
"URUMITA","Guajira",44855,"48018"
"VILLANUEVA","Guajira",44874,"48020"
"ALGARROBO","Magdalena",47030,"21008"
"ARACATACA","Magdalena",47053,"21010"
"ARIGUANI (EL DIFICIL)","Magdalena",47058,"21012"
"CERRO DE SAN ANTONIO","Magdalena",47161,"21013"
"CHIVOLO","Magdalena",47170,"21015"
"CIENAGA","Magdalena",47189,"21016"
"CONCORDIA","Magdalena",47205,"21020"
"EL BANCO","Magdalena",47245,"21025"
"EL PIÃON","Magdalena",47258,"21028"
"EL RETEN","Magdalena",47268,"21030"
"FUNDACION","Magdalena",47288,"21031"
"GUAMAL","Magdalena",47318,"21040"
"NUEVA GRANADA","Magdalena",47460,"21042"
"PEDRAZA","Magdalena",47541,"21046"
"PIJIÃO DEL CARMEN","Magdalena",47545,"21048"
"PIVIJAY","Magdalena",47551,"21049"
"PLATO","Magdalena",47555,"21052"
"PUEBLOVIEJO","Magdalena",47570,"21055"
"REMOLINO","Magdalena",47605,"21058"
"SABANAS DE SAN ANGEL","Magdalena",47660,"21060"
"SALAMINA","Magdalena",47675,"21067"
"SAN SEBASTIAN DE BUENAVISTA","Magdalena",47692,"21070"
"SAN ZENON","Magdalena",47703,"21073"
"SANTA ANA","Magdalena",47707,"21076"
"SANTA BARBARA DE PINTO","Magdalena",47720,"21078"
"SANTA MARTA","Magdalena",47001,"21001"
"SITIONUEVO","Magdalena",47745,"21079"
"TENERIFE","Magdalena",47798,"21085"
"ZAPAYAN","Magdalena",47960,"21090"
"ZONA BANANERA (SEVILLA)","Magdalena",47980,"21095"
"ACACIAS","Meta",50006,"52005"
"BARRANCA DE UPIA","Meta",50110,"52006"
"CABUYARO","Meta",50124,"52008"
"CASTILLA LA NUEVA","Meta",50150,"52010"
"CUBARRAL","Meta",50223,"52015"
"CUMARAL","Meta",50226,"52020"
"EL CALVARIO","Meta",50245,"52025"
"EL CASTILLO","Meta",50251,"52027"
"EL DORADO","Meta",50270,"52028"
"FUENTE DE ORO","Meta",50287,"52030"
"GRANADA","Meta",50313,"52035"
"GUAMAL","Meta",50318,"52040"
"LA MACARENA","Meta",50350,"52041"
"LEJANIAS","Meta",50400,"52042"
"MAPIRIPAN","Meta",50325,"52046"
"MESETAS","Meta",50330,"52044"
"PUERTO CONCORDIA","Meta",50450,"52047"
"PUERTO GAITAN","Meta",50568,"52043"
"PUERTO LLERAS","Meta",50577,"52048"
"PUERTO LOPEZ","Meta",50573,"52045"
"PUERTO RICO","Meta",50590,"52049"
"RESTREPO","Meta",50606,"52050"
"SAN CARLOS DE GUAROA","Meta",50680,"52055"
"SAN JUAN DE ARAMA","Meta",50683,"52058"
"SAN JUANITO","Meta",50686,"52059"
"SAN MARTIN DE LOS LLANOS","Meta",50689,"52060"
"URIBE","Meta",50370,"52074"
"VILLAVICENCIO","Meta",50001,"52001"
"VISTA HERMOSA","Meta",50711,"52080"
"ALBAN (SAN JOSE)","Nariño",52019,"23004"
"ALDANA","Nariño",52022,"23007"
"ANCUYA","Nariño",52036,"23010"
"ARBOLEDA (BERRUECOS)","Nariño",52051,"23013"
"BARBACOAS","Nariño",52079,"23016"
"BELEN","Nariño",52083,"23017"
"BUESACO","Nariño",52110,"23019"
"CHACHAGUI","Nariño",52240,"23038"
"COLON (GENOVA)","Nariño",52203,"23022"
"CONSACA","Nariño",52207,"23025"
"CONTADERO","Nariño",52210,"23028"
"CORDOBA","Nariño",52215,"23031"
"CUASPUD (CARLOSAMA)","Nariño",52224,"23034"
"CUMBAL","Nariño",52227,"23037"
"CUMBITARA","Nariño",52233,"23039"
"EL CHARCO","Nariño",52250,"23041"
"EL PEÃOL","Nariño",52254,"23044"
"EL ROSARIO","Nariño",52256,"23040"
"EL TABLON","Nariño",52258,"23043"
"EL TAMBO","Nariño",52260,"23046"
"FRANCISCO PIZARRO (SALAHONDA)","Nariño",52520,"23047"
"FUNES","Nariño",52287,"23049"
"GUACHUCAL","Nariño",52317,"23052"
"GUAITARILLA","Nariño",52320,"23055"
"GUALMATAN","Nariño",52323,"23058"
"ILES","Nariño",52352,"23061"
"IMUES","Nariño",52354,"23064"
"IPIALES","Nariño",52356,"23067"
"LA CRUZ","Nariño",52378,"23073"
"LA FLORIDA","Nariño",52381,"23076"
"LA LLANADA","Nariño",52385,"23077"
"LA TOLA","Nariño",52390,"23078"
"LA UNION","Nariño",52399,"23079"
"LEIVA","Nariño",52405,"23080"
"LINARES","Nariño",52411,"23082"
"LOS ANDES (SOTOMAYOR)","Nariño",52418,"23085"
"MAGUI (PAYAN)","Nariño",52427,"23088"
"MALLAMA (PIEDRANCHA)","Nariño",52435,"23091"
"MOSQUERA","Nariño",52473,"23094"
"NARIÃO","Nariño",52480,"23096"
"OLAYA HERRERA","Nariño",52490,"23095"
"OSPINA","Nariño",52506,"23097"
"PASTO","Nariño",52001,"23001"
"POLICARPA","Nariño",52540,"23098"
"POTOSI","Nariño",52560,"23100"
"PROVIDENCIA","Nariño",52565,"23101"
"PUERRES","Nariño",52573,"23103"
"PUPIALES","Nariño",52585,"23106"
"RICAURTE","Nariño",52612,"23109"
"ROBERTO PAYAN (SAN JOSE)","Nariño",52621,"23112"
"SAMANIEGO","Nariño",52678,"23115"
"SAN BERNARDO","Nariño",52685,"23120"
"SAN LORENZO","Nariño",52687,"23121"
"SAN PABLO","Nariño",52693,"23124"
"SAN PEDRO DE CARTAGO","Nariño",52694,"23123"
"SANDONA","Nariño",52683,"23118"
"SANTA BARBARA (ISCUANDE)","Nariño",52696,"23125"
"SANTACRUZ (GUACHAVES)","Nariño",52699,"23127"
"SAPUYES","Nariño",52720,"23130"
"TAMINANGO","Nariño",52786,"23133"
"TANGUA","Nariño",52788,"23136"
"TUMACO","Nariño",52835,"23139"
"TUQUERRES","Nariño",52838,"23142"
"YACUANQUER","Nariño",52885,"23145"
"ABREGO","NortedeSantander",54003,"25004"
"ARBOLEDAS","NortedeSantander",54051,"25007"
"BOCHALEMA","NortedeSantander",54099,"25010"
"BUCARASICA","NortedeSantander",54109,"25013"
"CACHIRA","NortedeSantander",54128,"25019"
"CACOTA","NortedeSantander",54125,"25016"
"CHINACOTA","NortedeSantander",54172,"25028"
"CHITAGA","NortedeSantander",54174,"25031"
"CONVENCION","NortedeSantander",54206,"25022"
"CUCUTA","NortedeSantander",54001,"25001"
"CUCUTILLA","NortedeSantander",54223,"25025"
"DURANIA","NortedeSantander",54239,"25034"
"EL CARMEN","NortedeSantander",54245,"25037"
"EL TARRA","NortedeSantander",54250,"25036"
"EL ZULIA","NortedeSantander",54261,"25038"
"GRAMALOTE","NortedeSantander",54313,"25040"
"HACARI","NortedeSantander",54344,"25043"
"HERRAN","NortedeSantander",54347,"25046"
"LA ESPERANZA","NortedeSantander",54385,"25051"
"LA PLAYA","NortedeSantander",54398,"25052"
"LABATECA","NortedeSantander",54377,"25049"
"LOS PATIOS","NortedeSantander",54405,"25054"
"LOURDES","NortedeSantander",54418,"25055"
"MUTISCUA","NortedeSantander",54480,"25058"
"OCAÃA","NortedeSantander",54498,"25061"
"PAMPLONA","NortedeSantander",54518,"25064"
"PAMPLONITA","NortedeSantander",54520,"25067"
"PUERTO SANTANDER","NortedeSantander",54553,"25069"
"RAGONVALIA","NortedeSantander",54599,"25070"
"SALAZAR","NortedeSantander",54660,"25073"
"SAN CALIXTO","NortedeSantander",54670,"25076"
"SAN CAYETANO","NortedeSantander",54673,"25079"
"SANTIAGO","NortedeSantander",54680,"25082"
"SARDINATA","NortedeSantander",54720,"25085"
"SILOS","NortedeSantander",54743,"25088"
"TEORAMA","NortedeSantander",54800,"25091"
"TIBU","NortedeSantander",54810,"25093"
"TOLEDO","NortedeSantander",54820,"25094"
"VILLA CARO","NortedeSantander",54871,"25097"
"VILLA DEL ROSARIO","NortedeSantander",54874,"25100"
"COLON","Putumayo",86219,"64007"
"MOCOA","Putumayo",86001,"64001"
"ORITO","Putumayo",86320,"64023"
"PUERTO ASIS","Putumayo",86568,"64002"
"PUERTO CAICEDO","Putumayo",86569,"64026"
"PUERTO GUZMAN","Putumayo",86571,"64025"
"PUERTO LEGUIZAMO","Putumayo",86573,"64004"
"SAN FRANCISCO","Putumayo",86755,"64013"
"SAN MIGUEL (LA DORADA)","Putumayo",86757,"64018"
"SANTIAGO","Putumayo",86760,"64016"
"SIBUNDOY","Putumayo",86749,"64019"
"VALLE DEL GUAMUEZ (LA HORMIGA)","Putumayo",86865,"64028"
"VILLAGARZON","Putumayo",86885,"64030"
"ARMENIA","Quindío",63001,"26001"
"BUENAVISTA","Quindío",63111,"26005"
"CALARCA","Quindío",63130,"26010"
"CIRCASIA","Quindío",63190,"26020"
"CORDOBA","Quindío",63212,"26025"
"FILANDIA","Quindío",63272,"26030"
"GENOVA","Quindío",63302,"26040"
"LA TEBAIDA","Quindío",63401,"26050"
"MONTENEGRO","Quindío",63470,"26060"
"PIJAO","Quindío",63548,"26070"
"QUIMBAYA","Quindío",63594,"26080"
"SALENTO","Quindío",63690,"26090"
"APIA","Risaralda",66045,"24008"
"BALBOA","Risaralda",66075,"24013"
"BELEN DE UMBRIA","Risaralda",66088,"24021"
"DOSQUEBRADAS","Risaralda",66170,"24025"
"GUATICA","Risaralda",66318,"24029"
"LA CELIA","Risaralda",66383,"24038"
"LA VIRGINIA","Risaralda",66400,"24046"
"MARSELLA","Risaralda",66440,"24054"
"MISTRATO","Risaralda",66456,"24062"
"PEREIRA","Risaralda",66001,"24001"
"PUEBLO RICO","Risaralda",66572,"24070"
"QUINCHIA","Risaralda",66594,"24078"
"SANTA ROSA DE CABAL","Risaralda",66682,"24086"
"SANTUARIO","Risaralda",66687,"24094"
"PROVIDENCIA","SanAndrés",88564,"56004"
"SAN ANDRES","SanAndrés",88001,"56001"
"AGUADA","Santander",68013,"27004"
"ALBANIA","Santander",68020,"27007"
"ARATOCA","Santander",68051,"27010"
"BARBOSA","Santander",68077,"27013"
"BARICHARA","Santander",68079,"27016"
"BARRANCABERMEJA","Santander",68081,"27019"
"BETULIA","Santander",68092,"27022"
"BOLIVAR","Santander",68101,"27025"
"BUCARAMANGA","Santander",68001,"27001"
"CABRERA","Santander",68121,"27028"
"CALIFORNIA","Santander",68132,"27031"
"CAPITANEJO","Santander",68147,"27034"
"CARCASI","Santander",68152,"27037"
"CEPITA","Santander",68160,"27040"
"CERRITO","Santander",68162,"27043"
"CHARALA","Santander",68167,"27061"
"CHARTA","Santander",68169,"27064"
"CHIMA","Santander",68176,"27067"
"CHIPATA","Santander",68179,"27070"
"CIMITARRA","Santander",68190,"27045"
"CONCEPCION","Santander",68207,"27046"
"CONFINES","Santander",68209,"27049"
"CONTRATACION","Santander",68211,"27052"
"COROMORO","Santander",68217,"27055"
"CURITI","Santander",68229,"27058"
"EL CARMEN","Santander",68235,"27071"
"EL GUACAMAYO","Santander",68245,"27073"
"EL PEÃON","Santander",68250,"27075"
"EL PLAYON","Santander",68255,"27074"
"ENCINO","Santander",68264,"27076"
"ENCISO","Santander",68266,"27079"
"FLORIAN","Santander",68271,"27080"
"FLORIDABLANCA","Santander",68276,"27082"
"GALAN","Santander",68296,"27085"
"GAMBITA","Santander",68298,"27088"
"GIRON","Santander",68307,"27091"
"GUACA","Santander",68318,"27094"
"GUADALUPE","Santander",68320,"27097"
"GUAPOTA","Santander",68322,"27100"
"GUAVATA","Santander",68324,"27103"
"GUEPSA","Santander",68327,"27106"
"HATO","Santander",68344,"27109"
"JESUS MARIA","Santander",68368,"27112"
"JORDAN","Santander",68370,"27115"
"LA BELLEZA","Santander",68377,"27119"
"LA PAZ","Santander",68397,"27118"
"LANDAZURI","Santander",68385,"27120"
"LEBRIJA","Santander",68406,"27121"
"LOS SANTOS","Santander",68418,"27124"
"MACARAVITA","Santander",68425,"27127"
"MALAGA","Santander",68432,"27130"
"MATANZA","Santander",68444,"27133"
"MOGOTES","Santander",68464,"27136"
"MOLAGAVITA","Santander",68468,"27139"
"OCAMONTE","Santander",68498,"27142"
"OIBA","Santander",68500,"27145"
"ONZAGA","Santander",68502,"27148"
"PALMAR","Santander",68522,"27151"
"PALMAS DEL SOCORRO","Santander",68524,"27154"
"PARAMO","Santander",68533,"27157"
"PIEDECUESTA","Santander",68547,"27160"
"PINCHOTE","Santander",68549,"27163"
"PUENTE NACIONAL","Santander",68572,"27166"
"PUERTO PARRA","Santander",68573,"27167"
"PUERTO WILCHES","Santander",68575,"27169"
"RIONEGRO","Santander",68615,"27172"
"SABANA DE TORRES","Santander",68655,"27174"
"SAN ANDRES","Santander",68669,"27175"
"SAN BENITO","Santander",68673,"27178"
"SAN GIL","Santander",68679,"27181"
"SAN JOAQUIN","Santander",68682,"27184"
"SAN JOSE DE MIRANDA","Santander",68684,"27187"
"SAN MIGUEL","Santander",68686,"27190"
"SAN VICENTE DE CHUCURI","Santander",68689,"27193"
"SANTA BARBARA","Santander",68705,"27195"
"SANTA HELENA DEL OPON","Santander",68720,"27194"
"SIMACOTA","Santander",68745,"27196"
"SOCORRO","Santander",68755,"27199"
"SUAITA","Santander",68770,"27202"
"SUCRE","Santander",68773,"27205"
"SURATA","Santander",68780,"27208"
"TONA","Santander",68820,"27211"
"VALLE DE SAN JOSE","Santander",68855,"27217"
"VELEZ","Santander",68861,"27220"
"VETAS","Santander",68867,"27219"
"VILLANUEVA","Santander",68872,"27221"
"ZAPATOCA","Santander",68895,"27223"
"BUENAVISTA","Sucre",70110,"28010"
"CAIMITO","Sucre",70124,"28020"
"CHALAN","Sucre",70230,"28045"
"COLOSO (RICAURTE)","Sucre",70204,"28030"
"COROZAL","Sucre",70215,"28040"
"COVEÃAS","Sucre",70221,"28041"
"EL ROBLE","Sucre",70233,"28042"
"GALERAS (NUEVA GRANADA)","Sucre",70235,"28048"
"GUARANDA","Sucre",70265,"28049"
"LA UNION","Sucre",70400,"28050"
"LOS PALMITOS","Sucre",70418,"28055"
"MAJAGUAL","Sucre",70429,"28060"
"MORROA","Sucre",70473,"28080"
"OVEJAS","Sucre",70508,"28100"
"PALMITO","Sucre",70523,"28120"
"SAMPUES","Sucre",70670,"28160"
"SAN BENITO ABAD","Sucre",70678,"28180"
"SAN JUAN DE BETULIA (BETULIA)","Sucre",70702,"28190"
"SAN MARCOS","Sucre",70708,"28200"
"SAN ONOFRE","Sucre",70713,"28220"
"SAN PEDRO","Sucre",70717,"28240"
"SINCE","Sucre",70742,"28260"
"SINCELEJO","Sucre",70001,"28001"
"SUCRE","Sucre",70771,"28280"
"TOLU","Sucre",70820,"28300"
"TOLUVIEJO","Sucre",70823,"28320"
"ALPUJARRA","Tolima",73024,"29004"
"ALVARADO","Tolima",73026,"29007"
"AMBALEMA","Tolima",73030,"29010"
"ANZOATEGUI","Tolima",73043,"29013"
"ARMERO (GUAYABAL)","Tolima",73055,"29016"
"ATACO","Tolima",73067,"29019"
"CAJAMARCA","Tolima",73124,"29022"
"CARMEN DE APICALA","Tolima",73148,"29025"
"CASABIANCA","Tolima",73152,"29028"
"CHAPARRAL","Tolima",73168,"29040"
"COELLO","Tolima",73200,"29031"
"COYAIMA","Tolima",73217,"29034"
"CUNDAY","Tolima",73226,"29037"
"DOLORES","Tolima",73236,"29043"
"ESPINAL","Tolima",73268,"29046"
"FALAN","Tolima",73270,"29049"
"FLANDES","Tolima",73275,"29052"
"FRESNO","Tolima",73283,"29055"
"GUAMO","Tolima",73319,"29058"
"HERVEO","Tolima",73347,"29061"
"HONDA","Tolima",73349,"29064"
"IBAGUE","Tolima",73001,"29001"
"ICONONZO","Tolima",73352,"29067"
"LERIDA","Tolima",73408,"29070"
"LIBANO","Tolima",73411,"29073"
"MARIQUITA","Tolima",73443,"29076"
"MELGAR","Tolima",73449,"29079"
"MURILLO","Tolima",73461,"29080"
"NATAGAIMA","Tolima",73483,"29082"
"ORTEGA","Tolima",73504,"29085"
"PALOCABILDO","Tolima",73520,"29087"
"PIEDRAS","Tolima",73547,"29088"
"PLANADAS","Tolima",73555,"29089"
"PRADO","Tolima",73563,"29091"
"PURIFICACION","Tolima",73585,"29094"
"RIOBLANCO","Tolima",73616,"29097"
"RONCESVALLES","Tolima",73622,"29100"
"ROVIRA","Tolima",73624,"29103"
"SALDAÃA","Tolima",73671,"29105"
"SAN ANTONIO","Tolima",73675,"29106"
"SAN LUIS","Tolima",73678,"29109"
"SANTA ISABEL","Tolima",73686,"29112"
"SUAREZ","Tolima",73770,"29115"
"VALLE DE SAN JUAN","Tolima",73854,"29118"
"VENADILLO","Tolima",73861,"29121"
"VILLAHERMOSA","Tolima",73870,"29124"
"VILLARRICA","Tolima",73873,"29127"
"ALCALA","Valle",76020,"31004"
"ANDALUCIA","Valle",76036,"31007"
"ANSERMANUEVO","Valle",76041,"31010"
"ARGELIA","Valle",76054,"31013"
"BOLIVAR","Valle",76100,"31016"
"BUENAVENTURA","Valle",76109,"31019"
"BUGA","Valle",76111,"31022"
"BUGALAGRANDE","Valle",76113,"31025"
"CAICEDONIA","Valle",76122,"31028"
"CALI","Valle",76001,"31001"
"CALIMA (DARIEN)","Valle",76126,"31040"
"CANDELARIA","Valle",76130,"31031"
"CARTAGO","Valle",76147,"31034"
"DAGUA","Valle",76233,"31037"
"EL AGUILA","Valle",76243,"31043"
"EL CAIRO","Valle",76246,"31046"
"EL CERRITO","Valle",76248,"31049"
"EL DOVIO","Valle",76250,"31052"
"FLORIDA","Valle",76275,"31055"
"GINEBRA","Valle",76306,"31058"
"GUACARI","Valle",76318,"31061"
"JAMUNDI","Valle",76364,"31064"
"LA CUMBRE","Valle",76377,"31067"
"LA UNION","Valle",76400,"31070"
"LA VICTORIA","Valle",76403,"31073"
"OBANDO","Valle",76497,"31076"
"PALMIRA","Valle",76520,"31079"
"PRADERA","Valle",76563,"31082"
"RESTREPO","Valle",76606,"31085"
"RIOFRIO","Valle",76616,"31088"
"ROLDANILLO","Valle",76622,"31091"
"SAN PEDRO","Valle",76670,"31094"
"SEVILLA","Valle",76736,"31097"
"TORO","Valle",76823,"31100"
"TRUJILLO","Valle",76828,"31103"
"TULUA","Valle",76834,"31106"
"ULLOA","Valle",76845,"31109"
"VERSALLES","Valle",76863,"31112"
"VIJES","Valle",76869,"31115"
"YOTOCO","Valle",76890,"31118"
"YUMBO","Valle",76892,"31121"
"ZARZAL","Valle",76895,"31124"
"BUENOS AIRES (PACOA)","Vaupés",97511,"68013"
"CARURU","Vaupés",97161,"68004"
"MITU","Vaupés",97001,"68001"
"MORICHAL (PAPUNAGUA)","Vaupés",97777,"68010"
"TARAIRA","Vaupés",97666,"68017"
"YAVARATE","Vaupés",97889,"68022"
"CUMARIBO","Vichada",99773,"72006"
"LA PRIMAVERA","Vichada",99524,"72008"
"PUERTO CARREÃO","Vichada",99001,"72001"
"SANTA ROSALIA","Vichada",99624,"72002"
"AFRICA","Consulados",NA,"88115"
"ALEMANIA","Consulados",276,"88120"
"ARGENTINA","Consulados",32,"88155"
"ARUBA","Consulados",533,"88160"
"AUSTRALIA","Consulados",36,"88165"
"AUSTRIA","Consulados",40,"88170"
"BELGICA","Consulados",56,"88190"
"BOLIVIA","Consulados",68,"88215"
"BRASIL","Consulados",76,"88220"
"CANADA","Consulados",124,"88250"
"CHILE","Consulados",152,"88305"
"CHINA REPUBLICA POPULAR","Consulados",156,"88315"
"CHIPRE","Consulados",196,"88320"
"COREA DEL SUR","Consulados",410,"88275"
"COSTA RICA","Consulados",188,"88285"
"CUBA","Consulados",192,"88290"
"CURAZAO","Consulados",NA,"88140"
"DINAMARCA","Consulados",208,"88325"
"ECUADOR","Consulados",218,"88330"
"EGIPTO","Consulados",818,"88335"
"EL SALVADOR","Consulados",222,"88340"
"EMIRATOS ARABES UNIDOS","Consulados",784,"88350"
"ESPAÃA","Consulados",724,"88355"
"ESTADOS UNIDOS","Consulados",840,"88360"
"FILIPINAS","Consulados",608,"88370"
"FINLANDIA","Consulados",246,"88375"
"FRANCIA","Consulados",250,"88380"
"GRECIA","Consulados",300,"88405"
"GUATEMALA","Consulados",320,"88410"
"HOLANDA","Consulados",528,"88435"
"HONDURAS","Consulados",340,"88440"
"INDIA","Consulados",356,"88455"
"INDONESIA","Consulados",360,"88460"
"INGLATERRA","Consulados",826,"88465"
"IRLANDA","Consulados",372,"88470"
"ISRAEL","Consulados",376,"88490"
"ITALIA","Consulados",380,"88495"
"JAMAICA","Consulados",388,"88500"
"JAPON","Consulados",392,"88505"
"KENIA","Consulados",404,"88515"
"LIBANO","Consulados",422,"88535"
"MALASIA","Consulados",458,"88560"
"MARRUECOS","Consulados",504,"88580"
"MEXICO","Consulados",484,"88590"
"NICARAGUA","Consulados",558,"88620"
"NORUEGA","Consulados",578,"88635"
"NUEVA ZELANDIA","Consulados",554,"88625"
"PANAMA","Consulados",591,"88655"
"PARAGUAY","Consulados",600,"88665"
"PERU","Consulados",604,"88670"
"POLONIA","Consulados",616,"88675"
"PORTUGAL","Consulados",620,"88680"
"PUERTO RICO","Consulados",630,"88683"
"REPUBLICA DOMINICANA","Consulados",214,"88685"
"RUSIA","Consulados",643,"88700"
"SUDAFRICA","Consulados",710,"88745"
"SUECIA","Consulados",752,"88755"
"SUIZA","Consulados",756,"88760"
"TAILANDIA","Consulados",764,"88765"
"TRINIDAD Y TOBAGO","Consulados",780,"88785"
"TURQUIA","Consulados",792,"88770"
"URUGUAY","Consulados",858,"88805"
"VENEZUELA","Consulados",862,"88815"
